<member>
  <list>
    <name>이순신</name><kor>99</kor><eng>99</eng><mat>99</mat>
  </list>
  <list>
    <name>김유신</name><kor>90</kor><eng>90</eng><mat>90</mat>
  </list>
  <list>
    <name>김두한</name><kor>80</kor><eng>80</eng><mat>80</mat>
  </list>
  <list>
    <name>이영자</name><kor>70</kor><eng>70</eng><mat>70</mat>
  </list>
  <list>
    <name>차분희</name><kor>60</kor><eng>60</eng><mat>60</mat>
  </list>
  <list>
    <name>차돌이</name><kor>50</kor><eng>50</eng><mat>50</mat>
  </list>
</member>